{
  "IcoMoonType": "selection",
  "icons": [
    {
      "icon": {
        "paths": [
          "M889.68 166.32c-93.608-102.216-228.154-166.32-377.68-166.32-282.77 0-512 229.23-512 512h96c0-229.75 186.25-416 416-416 123.020 0 233.542 53.418 309.696 138.306l-149.696 149.694h352v-352l-134.32 134.32z",
          "M928 512c0 229.75-186.25 416-416 416-123.020 0-233.542-53.418-309.694-138.306l149.694-149.694h-352v352l134.32-134.32c93.608 102.216 228.154 166.32 377.68 166.32 282.77 0 512-229.23 512-512h-96z"
        ],
        "attrs": [
          {},
          {}
        ],
        "isMulticolor": false,
        "isMulticolor2": false,
        "tags": [
          "loop",
          "repeat",
          "player",
          "reload",
          "refresh",
          "update",
          "synchronize",
          "arrows"
        ],
        "grid": 16
      },
      "attrs": [
        {},
        {}
      ],
      "properties": {
        "order": 1,
        "id": 0,
        "name": "loop, repeat, player, reload, refresh, update, synchronize, arrows",
        "prevSize": 32,
        "code": 59648
      },
      "setIdx": 0,
      "setId": 4,
      "iconIdx": 0
    },
    {
      "icon": {
        "paths": [
          "M1024 575.008v-128l-152.992-63.744c-4.256-12-8.736-23.616-14.24-35.008l61.76-153.76-90.528-90.496-152.384 62.752c-11.616-5.632-23.488-10.368-35.744-14.752l-64.864-152h-128l-63.264 151.488c-12.736 4.512-24.992 9.248-37.12 15.008l-152.128-61.12-90.496 90.496 62.016 150.752c-6.016 12.384-10.88 24.992-15.52 38.016l-150.496 64.352v128l150.624 62.752c4.64 12.992 9.632 25.632 15.616 38.016l-60.864 151.744 90.496 90.496 151.136-62.24c12.128 5.76 24.512 10.368 37.248 14.752l64.736 151.488h128l63.36-152.256c12.128-4.512 24.128-9.248 35.616-14.752l153.504 61.504 90.496-90.496-63.008-152.736c5.376-11.488 9.76-23.136 14.016-35.008l153.024-65.248zM511.008 704c-105.984 0-192-86.016-192-192s86.016-192 192-192 192 86.016 192 192-86.016 192-192 192z"
        ],
        "attrs": [
          {}
        ],
        "isMulticolor": false,
        "isMulticolor2": false,
        "tags": [
          "cog",
          "gear",
          "settings",
          "options",
          "generate"
        ],
        "grid": 16
      },
      "attrs": [
        {}
      ],
      "properties": {
        "order": 1,
        "id": 0,
        "name": "cog, gear, settings, options, generate",
        "prevSize": 32,
        "code": 59649
      },
      "setIdx": 1,
      "setId": 3,
      "iconIdx": 0
    },
    {
      "icon": {
        "paths": [
          "M964.73 178.804c-93.902-109.45-233.21-178.804-388.73-178.804-282.77 0-512 229.23-512 512s229.23 512 512 512c155.52 0 294.828-69.356 388.728-178.804l-324.728-333.196 324.73-333.196zM704 120.602c39.432 0 71.398 31.964 71.398 71.398 0 39.432-31.966 71.398-71.398 71.398s-71.398-31.966-71.398-71.398c0-39.432 31.966-71.398 71.398-71.398z"
        ],
        "attrs": [],
        "isMulticolor": false,
        "isMulticolor2": false,
        "tags": [
          "pacman",
          "game",
          "arcade"
        ],
        "defaultCode": 59670,
        "grid": 16
      },
      "attrs": [],
      "properties": {
        "ligatures": "pacman, game2",
        "name": "pacman",
        "order": 23,
        "id": 0,
        "prevSize": 32,
        "code": 59670
      },
      "setIdx": 3,
      "setId": 1,
      "iconIdx": 0
    },
    {
      "icon": {
        "paths": [
          "M512 64c-141.384 0-269.376 57.32-362.032 149.978l-149.968-149.978v384h384l-143.532-143.522c69.496-69.492 165.492-112.478 271.532-112.478 212.068 0 384 171.924 384 384 0 114.696-50.292 217.636-130.018 288l84.666 96c106.302-93.816 173.352-231.076 173.352-384 0-282.77-229.23-512-512-512z"
        ],
        "attrs": [],
        "isMulticolor": false,
        "isMulticolor2": false,
        "tags": [
          "undo",
          "ccw",
          "arrow"
        ],
        "defaultCode": 59749,
        "grid": 16
      },
      "attrs": [],
      "properties": {
        "ligatures": "undo, ccw",
        "name": "undo",
        "order": 34,
        "id": 1,
        "prevSize": 32,
        "code": 59749
      },
      "setIdx": 3,
      "setId": 1,
      "iconIdx": 1
    },
    {
      "icon": {
        "paths": [
          "M0 576c0 152.924 67.048 290.184 173.35 384l84.666-96c-79.726-70.364-130.016-173.304-130.016-288 0-212.076 171.93-384 384-384 106.042 0 202.038 42.986 271.53 112.478l-143.53 143.522h384v-384l-149.97 149.978c-92.654-92.658-220.644-149.978-362.030-149.978-282.77 0-512 229.23-512 512z"
        ],
        "attrs": [],
        "isMulticolor": false,
        "isMulticolor2": false,
        "tags": [
          "redo",
          "cw",
          "arrow"
        ],
        "defaultCode": 59750,
        "grid": 16
      },
      "attrs": [],
      "properties": {
        "ligatures": "redo, cw",
        "name": "redo",
        "order": 35,
        "id": 2,
        "prevSize": 32,
        "code": 59750
      },
      "setIdx": 3,
      "setId": 1,
      "iconIdx": 2
    },
    {
      "icon": {
        "paths": [
          "M576 706.612v-52.78c70.498-39.728 128-138.772 128-237.832 0-159.058 0-288-192-288s-192 128.942-192 288c0 99.060 57.502 198.104 128 237.832v52.78c-217.102 17.748-384 124.42-384 253.388h896c0-128.968-166.898-235.64-384-253.388z"
        ],
        "attrs": [],
        "isMulticolor": false,
        "isMulticolor2": false,
        "tags": [
          "user",
          "profile",
          "avatar",
          "person",
          "member"
        ],
        "defaultCode": 59761,
        "grid": 16
      },
      "attrs": [],
      "properties": {
        "ligatures": "user, profile2",
        "name": "user",
        "order": 24,
        "id": 3,
        "prevSize": 32,
        "code": 59761
      },
      "setIdx": 3,
      "setId": 1,
      "iconIdx": 3
    },
    {
      "icon": {
        "paths": [
          "M1024 576v-64h-193.29c-5.862-72.686-31.786-139.026-71.67-192.25h161.944l70.060-280.24-62.090-15.522-57.94 231.76h-174.68c-0.892-0.694-1.796-1.374-2.698-2.056 6.71-19.502 10.362-40.422 10.362-62.194 0.002-105.76-85.958-191.498-191.998-191.498s-192 85.738-192 191.5c0 21.772 3.65 42.692 10.362 62.194-0.9 0.684-1.804 1.362-2.698 2.056h-174.68l-57.94-231.76-62.090 15.522 70.060 280.24h161.944c-39.884 53.222-65.806 119.562-71.668 192.248h-193.29v64h193.37c3.802 45.664 15.508 88.812 33.638 127.75h-123.992l-70.060 280.238 62.090 15.524 57.94-231.762h112.354c58.692 78.032 147.396 127.75 246.66 127.75s187.966-49.718 246.662-127.75h112.354l57.94 231.762 62.090-15.524-70.060-280.238h-123.992c18.13-38.938 29.836-82.086 33.636-127.75h193.37z"
        ],
        "attrs": [],
        "isMulticolor": false,
        "isMulticolor2": false,
        "tags": [
          "bug",
          "virus",
          "error"
        ],
        "defaultCode": 59801,
        "grid": 16
      },
      "attrs": [],
      "properties": {
        "ligatures": "bug, virus",
        "name": "bug",
        "order": 29,
        "id": 4,
        "prevSize": 32,
        "code": 59801
      },
      "setIdx": 3,
      "setId": 1,
      "iconIdx": 4
    },
    {
      "icon": {
        "paths": [
          "M832 192v-128h-640v128h-192v128c0 106.038 85.958 192 192 192 20.076 0 39.43-3.086 57.62-8.802 46.174 66.008 116.608 113.796 198.38 130.396v198.406h-64c-70.694 0-128 57.306-128 128h512c0-70.694-57.306-128-128-128h-64v-198.406c81.772-16.6 152.206-64.386 198.38-130.396 18.19 5.716 37.544 8.802 57.62 8.802 106.042 0 192-85.962 192-192v-128h-192zM192 436c-63.962 0-116-52.038-116-116v-64h116v64c0 40.186 7.43 78.632 20.954 114.068-6.802 1.246-13.798 1.932-20.954 1.932zM948 320c0 63.962-52.038 116-116 116-7.156 0-14.152-0.686-20.954-1.932 13.524-35.436 20.954-73.882 20.954-114.068v-64h116v64z"
        ],
        "attrs": [],
        "isMulticolor": false,
        "isMulticolor2": false,
        "tags": [
          "trophy",
          "cup",
          "prize",
          "award",
          "winner",
          "tournament"
        ],
        "defaultCode": 59806,
        "grid": 16
      },
      "attrs": [],
      "properties": {
        "ligatures": "trophy, cup",
        "name": "trophy",
        "order": 31,
        "id": 5,
        "prevSize": 32,
        "code": 59806
      },
      "setIdx": 3,
      "setId": 1,
      "iconIdx": 5
    },
    {
      "icon": {
        "paths": [
          "M128 320v640c0 35.2 28.8 64 64 64h576c35.2 0 64-28.8 64-64v-640h-704zM320 896h-64v-448h64v448zM448 896h-64v-448h64v448zM576 896h-64v-448h64v448zM704 896h-64v-448h64v448z",
          "M848 128h-208v-80c0-26.4-21.6-48-48-48h-224c-26.4 0-48 21.6-48 48v80h-208c-26.4 0-48 21.6-48 48v80h832v-80c0-26.4-21.6-48-48-48zM576 128h-192v-63.198h192v63.198z"
        ],
        "attrs": [],
        "isMulticolor": false,
        "isMulticolor2": false,
        "tags": [
          "bin",
          "trashcan",
          "remove",
          "delete",
          "recycle",
          "dispose"
        ],
        "defaultCode": 59820,
        "grid": 16
      },
      "attrs": [],
      "properties": {
        "ligatures": "bin, trashcan",
        "name": "bin",
        "order": 33,
        "id": 6,
        "prevSize": 32,
        "code": 59820
      },
      "setIdx": 3,
      "setId": 1,
      "iconIdx": 6
    },
    {
      "icon": {
        "paths": [
          "M1014.662 822.66c-0.004-0.004-0.008-0.008-0.012-0.010l-310.644-310.65 310.644-310.65c0.004-0.004 0.008-0.006 0.012-0.010 3.344-3.346 5.762-7.254 7.312-11.416 4.246-11.376 1.824-24.682-7.324-33.83l-146.746-146.746c-9.148-9.146-22.45-11.566-33.828-7.32-4.16 1.55-8.070 3.968-11.418 7.31 0 0.004-0.004 0.006-0.008 0.010l-310.648 310.652-310.648-310.65c-0.004-0.004-0.006-0.006-0.010-0.010-3.346-3.342-7.254-5.76-11.414-7.31-11.38-4.248-24.682-1.826-33.83 7.32l-146.748 146.748c-9.148 9.148-11.568 22.452-7.322 33.828 1.552 4.16 3.97 8.072 7.312 11.416 0.004 0.002 0.006 0.006 0.010 0.010l310.65 310.648-310.65 310.652c-0.002 0.004-0.006 0.006-0.008 0.010-3.342 3.346-5.76 7.254-7.314 11.414-4.248 11.376-1.826 24.682 7.322 33.83l146.748 146.746c9.15 9.148 22.452 11.568 33.83 7.322 4.16-1.552 8.070-3.97 11.416-7.312 0.002-0.004 0.006-0.006 0.010-0.010l310.648-310.65 310.648 310.65c0.004 0.002 0.008 0.006 0.012 0.008 3.348 3.344 7.254 5.762 11.414 7.314 11.378 4.246 24.684 1.826 33.828-7.322l146.746-146.748c9.148-9.148 11.57-22.454 7.324-33.83-1.552-4.16-3.97-8.068-7.314-11.414z"
        ],
        "attrs": [],
        "isMulticolor": false,
        "isMulticolor2": false,
        "tags": [
          "cross",
          "cancel",
          "close",
          "quit",
          "remove"
        ],
        "defaultCode": 59919,
        "grid": 16
      },
      "attrs": [],
      "properties": {
        "ligatures": "cross, cancel",
        "name": "cross",
        "order": 39,
        "id": 7,
        "prevSize": 32,
        "code": 59919
      },
      "setIdx": 3,
      "setId": 1,
      "iconIdx": 7
    },
    {
      "icon": {
        "paths": [
          "M768 640v-128h-320v-128h320v-128l192 192zM704 576v256h-320v192l-384-192v-832h704v320h-64v-256h-512l256 128v576h256v-192z"
        ],
        "attrs": [],
        "isMulticolor": false,
        "isMulticolor2": false,
        "tags": [
          "exit",
          "signout",
          "logout",
          "quit",
          "close"
        ],
        "defaultCode": 59924,
        "grid": 16
      },
      "attrs": [],
      "properties": {
        "ligatures": "exit, signout",
        "name": "exit",
        "order": 40,
        "id": 8,
        "prevSize": 32,
        "code": 59924
      },
      "setIdx": 3,
      "setId": 1,
      "iconIdx": 8
    },
    {
      "icon": {
        "paths": [
          "M704 288c0-53.019 42.981-96 96-96s96 42.981 96 96c0 53.019-42.981 96-96 96s-96-42.981-96-96zM958.392 129.608c-87.478-87.476-229.306-87.476-316.786 0-35.578 35.578-56.684 80.146-63.322 126.392v0l-204.694 310.228c-27.506 1.41-54.776 8.416-79.966 21.016l-157.892-123.424c-36.55-28.574-89.342-22.102-117.912 14.448-28.572 36.55-22.102 89.342 14.448 117.912l155.934 121.892c-16.96 66.782 0.672 140.538 52.93 192.794 78.906 78.904 206.832 78.904 285.736 0 48.466-48.466 67.15-115.428 56.076-178.166l249.054-222.986c46.248-6.638 90.816-27.744 126.394-63.322 87.478-87.476 87.478-229.306 0-316.784zM384 902.698c-74.39 0-134.698-60.304-134.698-134.698 0-0.712 0.042-1.414 0.054-2.124l66.912 52.304c15.36 12.006 33.582 17.824 51.674 17.824 24.962 0 49.672-11.080 66.238-32.272 28.572-36.55 22.102-89.342-14.448-117.912l-63.5-49.636c8.962-1.878 18.248-2.88 27.768-2.88 74.392 0 134.698 60.304 134.698 134.698s-60.306 134.696-134.698 134.696zM800 448c-88.366 0-160-71.634-160-160s71.634-160 160-160 160 71.634 160 160-71.634 160-160 160z"
        ],
        "attrs": [],
        "isMulticolor": false,
        "isMulticolor2": false,
        "tags": [
          "steam",
          "brand",
          "social"
        ],
        "defaultCode": 60076,
        "grid": 16
      },
      "attrs": [],
      "properties": {
        "ligatures": "steam, brand36",
        "name": "steam",
        "order": 30,
        "id": 9,
        "prevSize": 32,
        "code": 60076
      },
      "setIdx": 3,
      "setId": 1,
      "iconIdx": 9
    },
    {
      "icon": {
        "paths": [
          "M736.448 142.688c-45.312 0-133.312 64-208 64-74.656 0-168-64-208-64-274.656 0-432 738.624-226.656 738.624 173.344 0 196.672-216 433.984-216 192 0 304.672 213.376 432.672 213.376 205.312 0 50.688-736-224-736zM304.416 558.688c-79.52 0-144-64.512-144-144 0-79.52 64.48-144 144-144s144 64.48 144 144c0 79.488-64.448 144-144 144zM686.432 478.688c-17.696 0-32-14.304-32-32s14.304-32 32-32 32 14.304 32 32-14.304 32-32 32zM784.448 574.688c-17.696 0-32-14.304-32-32s14.304-32 32-32 32 14.304 32 32-14.336 32-32 32zM784.448 382.688c-17.696 0-32-14.304-32-32s14.304-32 32-32 32 14.304 32 32-14.336 32-32 32zM880.448 478.688c-17.696 0-32-14.304-32-32s14.304-32 32-32 32 14.304 32 32-14.336 32-32 32zM304.416 334.688c-44.16 0-80 35.808-80 80s35.84 80 80 80c44.192 0 80-35.808 80-80s-35.808-80-80-80z"
        ],
        "width": 1054,
        "attrs": [
          {}
        ],
        "isMulticolor": false,
        "isMulticolor2": false,
        "tags": [
          "gamepad",
          "joystick"
        ],
        "grid": 32
      },
      "attrs": [
        {}
      ],
      "properties": {
        "order": 1,
        "id": 0,
        "prevSize": 32,
        "code": 59651,
        "name": "gamepad2"
      },
      "setIdx": 2,
      "setId": 2,
      "iconIdx": 0
    }
  ],
  "height": 1024,
  "metadata": {
    "name": "my-team"
  },
  "preferences": {
    "showGlyphs": true,
    "showCodes": true,
    "showQuickUse": true,
    "showQuickUse2": true,
    "showSVGs": true,
    "fontPref": {
      "prefix": "icon-",
      "metadata": {
        "fontFamily": "my-team",
        "majorVersion": 1,
        "minorVersion": 0
      },
      "metrics": {
        "emSize": 1024,
        "baseline": 6.25,
        "whitespace": 50
      },
      "embed": false,
      "includeMetadata": true,
      "cssVars": true,
      "cssVarsFormat": "scss",
      "showMetrics": true,
      "showSelector": true,
      "selector": "i",
      "classSelector": ".icon",
      "showMetadata": true,
      "showVersion": true
    },
    "imagePref": {
      "prefix": "icon-",
      "png": true,
      "useClassSelector": true,
      "color": 0,
      "bgColor": 16777215,
      "classSelector": ".icon"
    },
    "historySize": 50
  }
}